{
    "loss": [
        0.7218460183666677,
        0.522125030202525,
        0.44778985013158956,
        0.4050149315473985,
        0.3784759256000422,
        0.3592094188289983,
        0.3428063443576803,
        0.3287237533653269,
        0.31506110575734353,
        0.30048600531050135,
        0.2863065839117887,
        0.27422575401712435,
        0.26447746286890944,
        0.2569637297823721,
        0.24501521269581755
    ],
    "sparse_categorical_accuracy": [
        0.2916402518749237,
        0.4347696304321289,
        0.5088983774185181,
        0.5513724684715271,
        0.5763480067253113,
        0.5939714908599854,
        0.6095584034919739,
        0.6233726739883423,
        0.6370832324028015,
        0.6529494524002075,
        0.6688156127929688,
        0.6818414330482483,
        0.6919172406196594,
        0.6994472146034241,
        0.7135502696037292
    ],
    "val_loss": [
        0.5944217133522034,
        0.4962740802764893,
        0.4424720346927643,
        0.4143227976560593,
        0.39914820551872254,
        0.3901084578037262,
        0.38508889377117156,
        0.3844683539867401,
        0.3844677782058716,
        0.3893991702795029,
        0.39678351044654847,
        0.40725926160812376,
        0.4169131708145142,
        0.4227134096622467,
        0.43230017185211184
    ],
    "val_sparse_categorical_accuracy": [
        0.38290539383888245,
        0.47453781962394714,
        0.5269043445587158,
        0.554233193397522,
        0.5691398978233337,
        0.5768627524375916,
        0.5832872986793518,
        0.5827347040176392,
        0.5863782167434692,
        0.5852460861206055,
        0.5806995034217834,
        0.5761484503746033,
        0.5717591047286987,
        0.5706449151039124,
        0.5691443681716919
    ]
}